bids_name	cjv	cnr	efc	fber	fwhm_avg	fwhm_x	fwhm_y	fwhm_z	icvs_csf	icvs_gm	icvs_wm	inu_med	inu_range	qi_1	qi_2	rpve_csf	rpve_gm	rpve_wm	size_x	size_y	size_z	snr_csf	snr_gm	snr_total	snr_wm	snrd_csf	snrd_gm	snrd_total	snrd_wm	spacing_x	spacing_y	spacing_z	summary_bg_k	summary_bg_mad	summary_bg_mean	summary_bg_median	summary_bg_n	summary_bg_p05	summary_bg_p95	summary_bg_stdv	summary_csf_k	summary_csf_mad	summary_csf_mean	summary_csf_median	summary_csf_n	summary_csf_p05	summary_csf_p95	summary_csf_stdv	summary_gm_k	summary_gm_mad	summary_gm_mean	summary_gm_median	summary_gm_n	summary_gm_p05	summary_gm_p95	summary_gm_stdv	summary_wm_k	summary_wm_mad	summary_wm_mean	summary_wm_median	summary_wm_n	summary_wm_p05	summary_wm_p95	summary_wm_stdv	tpm_overlap_csf	tpm_overlap_gm	tpm_overlap_wm	wm2max
sub-hc001_T1w	0.2828344897270385	3.998545329491434	0.6342195112721496	-1.0	4.577373511322548	4.5483302711016105	4.77363	4.410160262866036	0.27839767782560704	0.4133940304966065	0.30820829167778646	0.1855100691318512	0.019487267732620245	0.01204834960483496	0.011112811458240942	29.540394273611437	18.72441910256699	31.636630338911832	256	256	256	1.67558206204085	11.789587971780467	33.931568505292844	88.32953548205722	20.877046092187545	83.90033598709832	72.5689976646158	112.92961091456151	0.9999999403953552	1.0	0.9999999403953552	21.551154254126853	0.0	1.62395004878748	0.0	373276.0	0.0	13.445826962590218	5.801668310519358	0.0033109073603738715	98.28786882397311	207.01581350962093	184.8801207356155	61989.0	65.22561755031347	423.788423653692	110.33695912877637	0.28275931619280437	62.67584382025686	742.5232993773908	742.9932461977005	50108.0	638.4619591498747	844.4079508369787	63.020508776110034	0.3556889314291216	10.033415756376032	1002.0128056451579	1000.0667722970247	160236.0	986.3092870935798	1023.2407886348665	11.321962084692878	0.16552886065044436	0.4899428637213195	0.5182855270259428	0.8706201550387597
sub-hc002_T1w	0.23545522643794584	4.81636228269086	0.7370986265723936	19.511243678278756	4.509193146945658	4.48479	4.690599440836973	4.35219	0.2377448945025272	0.4326575013658489	0.32959760413162387	0.20427940785884857	0.02225628793239595	0.0	0.022336101817356818	30.929318565518265	17.128137974890006	27.73436098766416	256	256	256	1.4854441399851948	11.243656456405827	27.070898174002494	68.48359392561646	71.49193602032396	289.99946961367885	259.72655652387084	417.68826393760963	1.0	1.0000001192092896	1.0	287.7519893414541	0.0	0.13788736809438368	0.0	130781.0	0.0	0.0	1.5685097782802038	-0.5172323440078173	114.22229176833665	201.14581432252268	171.16405181586742	29739.0	57.10850911214948	409.9504633061588	115.22558769700902	0.03439514994999193	61.979026506805866	693.1956478778606	694.3088550493121	55821.0	589.4035918451846	792.3244960419834	61.75060921226321	5.916523876917356	10.001765650883693	1000.7680434622288	1000.0178989581764	172914.0	982.3453003168106	1024.2392270453274	14.602256540121825	0.15557431342482808	0.4881246810908094	0.5203084905859363	0.9564971169686985
sub-hc003_T1w	0.2919303067519844	3.8908860218751755	0.7247127681141179	20.71235609719682	4.479276584967401	4.426719472293917	4.741380282608288	4.26973	0.266951653848481	0.4017540285886034	0.33129431756291566	0.19061659276485443	0.017732959240674973	0.0	0.007625332874647415	28.273488916600922	17.530233275512728	28.310805132844717	256	256	256	1.6379178725823673	10.389424805197539	31.268836814199194	81.77916776481769	-1.0	-1.0	-1.0	-1.0	1.0000001192092896	0.9999999403953552	1.0	-3.0	0.0	0.0	0.0	2783.0	0.0	0.0	0.0	-0.9713206462578055	158.18220076080777	218.61550458615932	205.5244205519557	26972.0	55.05549055757002	428.07427509455005	125.47674947447611	0.08744149828074477	69.34127657880114	725.8593781323857	724.6388237224892	40278.0	615.3451170306653	844.8295227251947	69.74686681762599	0.21433296926903722	11.090631489089704	1001.385650198937	1000.1563229598105	172712.0	982.7836589887738	1024.384266929701	12.229929147561247	0.15820811245747096	0.4648713571375012	0.5157574401866061	0.8363459635920609
sub-hc004_T1w	0.28546112897715636	3.6525719493874362	0.7348350562652999	51.76836370263874	4.5586134241009235	4.485099465334479	4.842800288653391	4.347940518314901	0.26407923673162276	0.39265520464936987	0.3432655586190073	0.19330179691314697	0.0229673832654953	0.0074179598924395814	0.003418931112739061	27.843890987173193	17.460236676553617	25.269696538615204	256	256	256	1.169417297153876	11.158455345342164	22.814701755651953	56.11623262445982	2.996704523647153	16.196096753766714	13.794022242270913	22.18926544939887	1.0000001192092896	0.9999999403953552	0.9999998807907104	10.770355032787496	0.0	12.754501569021503	0.0	392970.0	0.0	78.12127438187599	29.525563932009913	0.0966729701140987	98.25342979509561	172.45878421935873	135.05491527915	54890.0	37.414154425263405	401.53706769123664	115.48801729700601	0.10827211378916601	64.51193649671445	726.1803543251992	729.9226392433047	38770.0	614.4846995472908	828.7224373072386	65.41346477577048	4.378144671494893	12.590828532094632	1002.1918476938871	1000.0216376781464	192243.0	980.0255377739668	1030.9148537814617	17.820494890237285	0.16917700627053994	0.4661552907490232	0.5100943102590769	0.8762475458163674
sub-hc005_T1w	0.25362797039687157	4.276814200587543	0.7234242538937492	50.43681207489262	4.343782832410832	4.30126948724872	4.57765	4.152429009983775	0.25991573365905224	0.40813674854602444	0.3319475177949233	0.18008950352668762	0.019706988334655756	0.0	0.015051531073703456	27.423323958681316	16.660002270013027	26.348156748545133	256	256	256	1.4640879153426278	10.862920753843605	30.65024304084234	79.62372045334078	88.36955524320409	345.0045706055212	305.5649677903386	483.3207775222903	1.0000001192092896	1.0	1.000000238418579	156.5580146308763	0.0	0.1433328923244135	0.0	221291.0	0.0	0.0	1.35569418317268	-0.8265107985295028	136.66052050502208	215.14379107488915	182.86587649956346	45333.0	49.84705362468958	427.5774275697768	124.89950750516684	0.23553067562778374	63.39591801880552	714.36692275287	713.9287170395255	40171.0	606.6950813680887	822.8425904735923	65.720798949106	2.3496648990106923	9.197997173509314	1002.4744914608721	1000.1507574506104	176114.0	986.1056930758059	1026.9053125940263	12.560929233826796	0.16155396632915422	0.46091636433037664	0.5185595289530085	0.873474379375137
sub-hc006_T1w	0.2569459948766154	4.314370007261598	0.726000975372815	34.93235567701279	4.4167529929697915	4.414129473794762	4.68473	4.151399505114614	0.232883822941635	0.426334263038965	0.3407819140194	0.18956996500492096	0.02038197740912437	0.0	0.023025345695090644	33.06856830163391	18.263342091862267	28.398049818700457	256	256	256	1.4035352254520979	10.385254030751206	26.64588784384577	68.148874275334	18.30743484778202	74.40798275842259	66.29426715151176	106.16738384833069	1.0000001192092896	1.0	1.0000001192092896	27.06181066877469	0.0	1.6326616461322911	0.0	98514.0	0.0	11.51842987164855	6.170664420600562	-0.29577394070700347	118.17456779533876	204.43281570696223	172.43590319156647	32601.0	48.37740546092391	434.5152388624847	122.85638108899266	0.6718762296553846	66.1409305052072	700.5479018735514	700.8413695469499	39795.0	588.5156446438283	809.8958603665233	67.4834300413238	4.4959107839110475	10.721542843457476	1001.2745015145006	999.9800013266504	168143.0	982.7324045971036	1025.8814444988966	14.673419603121859	0.15533775724224838	0.4811922087318261	0.5121213111037031	0.9464394054300015
sub-hc007_T1w	0.3286457320259471	3.4988041257144338	0.7373191265382333	40.93977200738689	4.566516838782649	4.54871	4.8194	4.331440516347946	0.2734714976238208	0.39263588099806046	0.33389262137811876	0.18572968244552612	0.016982123255729675	0.0	0.002731544664385185	26.688478291167325	17.047804240335708	26.826357189076013	256	256	256	1.7886712305394814	10.309257153722047	29.472642716011205	76.31999976377209	-1.0	-1.0	-1.0	-1.0	1.0	1.0	0.9999998807907104	0.0	0.0	0.0	0.0	0.0	0.0	0.0	0.0	-0.4366788850455454	129.0493452503736	216.7342925305313	205.03696913458407	37522.0	47.88149250857532	416.69572311220657	114.62935915349213	1.1636525437467533	70.9547295018084	742.6905442917055	743.6165546122938	37178.0	624.920915958751	856.5217650800013	72.1299840227557	-0.3212578550582501	13.342798987949394	1001.2696430058221	1000.1162449326366	184170.0	981.2101480849087	1024.6964963078499	13.104212956314882	0.1662893879371985	0.4712756929011908	0.5198158484625534	0.7813345929545992
sub-hc008_T1w	0.28843656646519694	3.82949437529581	0.732054142149605	32.7850624924526	4.636600276362913	4.554660271478908	4.942050294569152	4.413090263040678	0.2561930361245903	0.39850357517458096	0.3453033887008287	0.19705308973789215	0.01530320942401886	0.0	0.004100701971207688	30.297066214736933	18.264584780208835	28.865237485017943	256	256	256	1.3576230728980427	9.432039217736119	32.52152652046431	86.77491727075879	-1.0	-1.0	-1.0	-1.0	0.9999999403953552	0.9999999403953552	0.9999999403953552	0.0	0.0	0.0	0.0	0.0	0.0	0.0	0.0	-0.3956218708003689	126.22854694650026	198.28849024763397	168.6591289769858	25731.0	39.70453384425491	424.12568598613143	124.2287752463858	0.6837811229792616	73.33443306740125	711.705874881062	708.9273289293051	27188.0	595.0008000374771	836.9776800200343	75.16023576027536	0.4133814779217597	10.655430445690781	1001.0605728791552	1000.1173973120749	173935.0	983.8410045560449	1022.7587286494672	11.52538721774624	0.15761661382356265	0.4667911143601191	0.5259964431336335	0.7359184119460657
sub-hc009_T1w	0.2486670003372508	4.55594945708836	0.7694491295620769	13.938275560000001	4.950996267478117	4.841669422828027	5.204239379606322	4.80708	0.2563063025392702	0.40688119538229417	0.33681250207843566	0.23457986116409302	0.0172997608780861	0.0	0.0011668916722747226	27.668439954994707	16.676033741599575	26.64666209273383	256	256	256	2.0232911114294527	9.574932428640679	28.081407291344345	72.6459983339629	-1.0	-1.0	-1.0	-1.0	1.0000001192092896	1.0000001192092896	1.0	0.0	0.0	0.0	0.0	417.0	0.0	0.0	0.0	-0.34564686376239395	121.80038347083185	217.75575095562246	216.76940365880728	15769.0	57.03665533214808	392.3587374061346	107.1336344278679	0.2699429950267267	69.75966980001823	671.0737437091183	673.5049368292093	33389.0	554.7311131574213	784.9621461600065	70.33938422460734	5.5596462017211685	11.44058584720299	999.8817565075715	1000.0470816940069	182556.0	979.9322737790644	1021.5264028944075	13.765993524906511	0.15786563002328277	0.4750917591323033	0.531232899925162	0.8046338185466316
sub-hc010_T1w	0.2994205235382796	3.5577157714894194	0.7323855556005855	23.50579461404613	4.489383326059226	4.483020534417693	4.666079443759984	4.31905	0.2833960941221806	0.3992027749531183	0.3174011309247011	0.21070484817028046	0.017195355147123337	0.0	0.004670319590916775	25.89713892115202	16.810266452199453	28.367054226061036	256	256	256	1.35034298610399	9.31561678220628	32.72626042152075	87.51282149625197	-1.0	-1.0	-1.0	-1.0	0.9999998807907104	1.0000001192092896	1.0	0.0	0.0	0.0	0.0	0.0	0.0	0.0	0.0	0.06319119841534349	100.39467768559614	181.43203707532714	151.77952693775296	31102.0	40.108038771897554	397.9718952027149	112.3989152768078	1.2343272921071957	72.89511189525989	726.4357413831724	721.7056750170887	30430.0	606.568355133757	858.8354898193851	77.47139382563086	0.6856035495270385	10.524962680064261	1002.5418158507115	1000.3107405267656	167606.0	987.5947234667838	1024.953999152407	11.430413730305787	0.1525579322018747	0.43742750709034955	0.48290303527190437	0.7682141087064266
sub-hc011_T1w	0.28685640663982154	3.966335730355035	0.6907281225787375	80.09221297397278	4.6304300000000005	4.68541	4.85662	4.34926	0.27205641214900833	0.42358474534390694	0.3043588425070848	0.2002258151769638	0.01996411383152008	0.0	0.009883960848187677	27.73552292851283	17.09040112267812	30.19907153079959	256	256	256	1.4280657260059804	10.651678205485714	32.4860957867134	85.37854342864851	-1.0	-1.0	-1.0	-1.0	1.0	1.0	1.0	0.0	0.0	0.0	0.0	120.0	0.0	0.0	0.0	0.11562993806223032	98.07341278088683	178.94408328850622	154.15358994156122	53462.0	45.90120379626751	391.67861914560183	107.94471529974793	0.3457519221302303	68.6976169515025	724.6973078310964	725.8777440190315	47958.0	614.7596034251153	834.129185306281	68.14608572735358	0.799537690087607	9.974042265389432	1002.1584067508423	1000.1322399824858	163074.0	986.0283439539373	1025.265463963151	11.714057576016694	0.1618287242671777	0.4790186088385159	0.5105175172305102	0.937555358724535
sub-hc012_T1w	0.274597585843248	4.251329175687036	0.6990567996489112	75.68300752921985	4.531946310699029	4.631019447939462	4.63762	4.3271994841576245	0.26249017870493124	0.4334724651493316	0.3040373561457372	0.20629456639289856	0.020672667026519737	0.0	0.001950626351393295	31.529244594936756	18.436321665165437	32.29299127991792	256	256	256	1.3392808600840511	10.82998523167914	32.62354561273868	85.70137074645285	-1.0	-1.0	-1.0	-1.0	1.0000001192092896	1.0	1.0000001192092896	0.0	0.0	0.0	0.0	0.0	0.0	0.0	0.0	1.1458814571746636	85.20602044264278	150.10291184617915	128.94545678980649	49002.0	37.45605271868408	349.20256344145156	96.27864095566704	0.47899043554136833	65.9283767198029	712.4635185980958	715.0825963970274	52178.0	602.4394593536854	816.3533923160285	66.02739788918537	0.10998427967393631	12.347010481093827	1000.04170558621	1000.1374957710505	143464.0	981.183593897149	1018.4235917758197	11.669988488862996	0.15830498515984864	0.46878145894665646	0.49354247421804237	0.9183710276665584
sub-hc013_T1w	0.2356561487347901	4.821842225301025	0.7758695427110895	5.893986389768598	4.7191430483149	4.656470277547257	5.06050939674027	4.440449470657174	0.26785284003659293	0.3907424381464314	0.3414047218169757	0.28555524349212646	0.01705319285392759	0.0	0.0005577831872626677	31.706355074460905	20.231836181831248	29.38610794495103	256	256	256	2.1293362056448055	9.64473699593061	16.157527978715347	36.698510734570625	-1.0	-1.0	-1.0	-1.0	0.9999999403953552	1.0000001192092896	1.0000001192092896	0.0	0.0	0.0	0.0	578.0	0.0	0.0	0.0	-0.3135104404948952	100.62306759208644	201.3141292176159	197.6188689135015	20230.0	64.9288279376924	360.2061748201027	92.80544050630647	0.18882416472746888	66.19236276614704	650.9421408556697	649.6483283303678	21762.0	540.6027021272108	757.2537587197497	67.35625888231189	3.4311430426717893	16.37015423248798	994.7925140859032	999.9999632947147	166881.0	939.24770321697	1027.5077033378184	27.248979512440187	0.14843450549419498	0.44096693829065126	0.5008356439245859	0.7422049969631512
sub-hc015_T1w	0.31604547005879846	3.5960445509671324	0.7241174415535798	32.27365589056603	4.5366830540989325	4.411009474166694	4.8104494265497415	4.388590261580363	0.30046184135671383	0.378584653918454	0.3209535047248322	0.2119050920009613	0.016842636466026295	0.0	0.011269590833411365	25.03677918953462	17.338449103023663	28.411375479220325	256	256	256	1.6006126143993855	9.84276853832254	33.772984532938366	89.87557244609317	-1.0	-1.0	-1.0	-1.0	1.0000001192092896	1.0000001192092896	0.9999999403953552	0.0	0.0	0.0	0.0	39.0	0.0	0.0	0.0	-0.7299026255495122	140.0004589822382	200.2171393479086	186.51823720894754	35502.0	43.88513175956905	398.1283833794296	116.5276398818115	0.23788991611640453	74.63133642450921	729.8101995337803	730.2876700423658	31377.0	611.5124452449381	851.2275861661881	74.1941690285244	0.45899590067625695	10.634393698895849	1001.1143126266821	1000.0771092250943	166201.0	984.4460839703679	1020.849919103086	11.127318284208386	0.16515645675380214	0.4542487052521115	0.5203136726801331	0.7256326516412508
sub-hc016_T1w	0.26565362737904485	4.264318200389956	0.7402598335650574	69.27344514629894	4.76385361396077	4.693740279768722	4.88247	4.71535056211359	0.2669786966513175	0.39884483124111847	0.33417647210756407	0.21710047125816345	0.02680601179599762	0.0	0.001883467628184322	28.58268105283729	17.868612273954543	26.858721248190445	256	256	256	1.249684726997963	10.541006692922851	19.83859441996756	47.72509183998187	13.208896226372921	74.17965653976971	64.66067042181055	106.59345849928904	0.9999999403953552	1.0	0.9999998807907104	4.542978748590608	6.146252455565758	10.96022754713413	4.145584283396602	9841.0	0.0	57.69802946224809	16.959007692607766	0.6296031481597208	86.77247697524375	149.84365311511075	123.92108096368611	36478.0	38.22122412258759	352.0589619009756	99.16051601020746	0.18239777968234794	66.37952652011019	696.5500214378908	695.926674446091	40611.0	588.5773009127006	805.295691604726	66.02008009884538	5.635992462235819	14.404294216377187	1002.009548640685	1000.0212261881679	177225.0	978.553477422148	1033.6110885869712	20.95372405368826	0.15939124755558376	0.4596184214808025	0.5098183263735424	0.8060282047327747
sub-hc017_T1w	0.2852748896649549	4.057843926735091	0.7115953713148193	76.68194573608041	4.755286485333464	4.72365	4.97881	4.5633994560003925	0.2723076431375656	0.408585555235325	0.31910680162710936	0.20298482477664948	0.019075624644756317	0.0	0.005080674998811464	29.600492937988545	18.653479706160894	31.1265756781771	256	256	256	1.955297424311282	10.675662473862044	30.43880330249968	78.6854500093257	-1.0	-1.0	-1.0	-1.0	1.0	1.0	1.0000001192092896	0.0	0.0	0.0	0.0	0.0	0.0	0.0	0.0	-0.7898319357767738	139.33797530818055	230.54138804692303	225.42647303268313	36557.0	47.36543174162507	414.2613726317881	115.28854229018988	0.24029325808453184	67.9225850987505	722.4591335163361	721.3142309635878	37065.0	614.1225442439318	833.0493643730879	67.56531524561649	0.6804890536330244	11.663474208876348	1002.1357650024635	1000.294478405267	163960.0	985.0444837287068	1026.9872277081013	12.712533611484325	0.1635335960175458	0.48074733204137216	0.5172472987791277	0.7911855721558579
sub-hc018_T1w	0.2862797443587455	3.834695679355535	0.7102970885778392	55.89182759445081	4.699256478073619	4.7460994342208584	4.9171	4.43457	0.29191431435118276	0.41211785851826366	0.2959678271305536	0.23639439046382904	0.021405225992202764	0.0	0.004359278443687293	32.49060193940291	21.35435620167981	38.464057293068116	256	256	256	1.955764299474732	9.860842784737653	37.144450232307975	99.61674361271153	-1.0	-1.0	-1.0	-1.0	1.0000001192092896	1.0	1.0	0.0	0.0	0.0	0.0	0.0	0.0	0.0	0.0	-0.22873430429382324	111.13297827997712	211.47336257986547	205.83926102612168	30566.0	52.24850538186729	394.8472249205224	105.24575682560133	0.8080770262643577	70.36903747646092	718.4872320664482	718.139282814227	38364.0	602.9054523217492	838.1702397619374	72.82642456466807	0.22835587624289877	10.33550712250733	1000.6602191261729	1000.0472633447498	126872.0	986.1285072751343	1019.0703510120511	10.038907977747073	0.15519894517633606	0.48372151004200264	0.5092992064501174	0.7399332086094452
sub-hc019_T1w	0.2825353311388249	4.100900679945664	0.7127865053583814	54.299630481213434	4.491299825879754	4.38187947763926	4.6651	4.42692	0.302132778140483	0.3964482876178163	0.3014189342417007	0.20387130975723267	0.021067343652248383	0.0	0.016505513228838656	27.822944303721428	19.08800672996697	32.53998450379034	256	256	256	1.3578782578052668	11.176469430110275	34.01692702090336	89.51643337479453	206.15097942518383	939.3583600564662	811.5226807567082	1289.0587027884746	1.0000001192092896	1.0	1.0	899.4750515189663	0.0	0.02908060551252501	0.0	259736.0	0.0	0.0	0.5082644462030625	-0.48221277509422844	125.91427888218836	188.3879475005801	159.9349591806531	57521.0	40.74370773881674	404.302946023643	117.78196463803158	0.16335824511382135	66.69543795396714	728.8159387229139	728.7680193930864	39875.0	622.8367357619106	834.9113871015608	65.20474875683705	0.7517049354596437	9.957150244568169	1000.6319179085065	1000.0706840530038	145144.0	983.4574313312769	1020.5957097560167	11.17188432610633	0.16633569420011599	0.46304490615298705	0.5025721825898954	0.7729477573628116
sub-hc020_T1w	0.2842318500441519	3.9546023712086353	0.7558505936832517	17.721234912720607	4.447822971664711	4.35316948106176	4.748519433932372	4.24178	0.2760383398397301	0.4078462062524505	0.31611545390781937	0.20870094001293182	0.016786843538284302	0.0	0.004450359750522098	24.80599355682206	15.734453428681078	27.073169941102297	256	256	256	2.015248913169726	10.240342405397858	30.524612622317736	79.31824654838563	-1.0	-1.0	-1.0	-1.0	1.0000001192092896	1.0000001192092896	1.0	0.0	0.0	0.0	0.0	0.0	0.0	0.0	0.0	-0.4123078747715532	125.86259480547143	223.70198579353817	217.92831417918205	37613.0	60.24096306413412	408.5524434223771	108.13821347551188	0.20259195280641817	69.11021086387906	718.5027842567457	718.4208437874913	39102.0	604.3570429064333	834.305765606463	70.15504255528167	0.251605566806	11.009700348946325	1002.8126822505484	1000.3030860498548	174241.0	985.097610257566	1027.253655269742	12.611224517893605	0.15844489704184078	0.45409896812268186	0.4773056333399168	0.6828103448275862
sub-hc021_T1w	0.2839130717721858	3.85040700187086	0.7299484643331937	10.443460370980072	4.681166660874123	4.778349430376359	4.816150287064928	4.4490002651810805	0.28991272023516534	0.38185493612038396	0.32823234364445075	0.23544563353061676	0.016929629445075978	0.0	0.0011854663392757243	27.807407988752093	18.729183764934056	30.400472421185853	256	256	256	1.7074795702642354	9.336826305599526	31.191260713039153	82.52947626325368	-1.0	-1.0	-1.0	-1.0	1.0000001192092896	0.9999999403953552	0.9999999403953552	0.0	0.0	0.0	0.0	197.0	0.0	0.0	0.0	-0.23166810401617877	119.78968311919442	202.7549141623812	184.8330728933215	22465.0	52.66907340288162	394.2712502270937	108.2466591492349	0.5015575897742588	71.53144957315229	706.7150589485012	705.5297519266605	32358.0	585.792361942213	835.289987969119	75.56302610902794	-0.07905059452082197	12.128295676099649	1000.9308485128838	1000.1965128723532	175626.0	981.6247687060386	1022.5513901095837	12.119229524243256	0.15337165437063108	0.4466430470130847	0.5017876824454455	0.7033773861967695
sub-hc022_T1w	0.2818446377915745	3.976779660926248	0.7273412906328394	60.300570303271364	4.4694866666666675	4.5418	4.68246	4.1842	0.26632746302888444	0.40238189983811373	0.3312906371330018	0.20160044729709625	0.020386308431625366	0.030301952555393533	0.006906557604526361	28.177430917181773	17.612905622408974	27.975085136804882	256	256	256	1.5480246767371455	9.740836425983092	31.129303921215396	82.09905066092595	-1.0	-1.0	-1.0	-1.0	1.0	1.0	1.0	-3.0	0.0	0.0	0.0	16063.0	0.0	0.0	0.0	-0.5260265805946243	114.29948340856625	207.08496180769694	176.57731331326067	36419.0	57.841716315597296	407.36789579316974	114.06464748459541	0.26394529622050555	71.67450994474046	706.523996172608	707.3550997842103	38963.0	589.007960069552	826.8569394445047	72.61655894069553	1.069538346202492	10.854020711278578	1001.1981597184023	1000.1707847043872	171781.0	983.1811145246029	1023.2861274238676	12.182453578556178	0.16015117151414968	0.4608358028480944	0.5204069629970012	0.8834609687141968
sub-hc023_T1w	0.24209675197331515	4.419508783539883	0.715394400199419	86.81033813564257	4.658247134338911	4.659391110885409	4.901150292131322	4.4142	0.2633715463892934	0.4195836825445561	0.31704477106615053	0.2171923965215683	0.02320256009697913	0.0	0.010699917532271166	33.00270896072798	19.952040677917275	32.14632734016398	256	256	256	1.4052677011268697	10.627658821061575	24.432826095251198	61.26555176356515	6.494669046784292	26.696619956028584	23.897433192009615	38.501010573215964	0.9999997615814209	0.9999999403953552	1.0	47.8081219625841	0.0	3.451133165463778	0.0	14033.0	0.0	15.187468185648314	17.016083160200242	-0.5857447309266419	124.410048514614	197.06475415298644	168.68827407248318	46069.0	46.70687771961093	417.0301127403974	120.03865392004417	0.1064608369460851	64.59626531617135	691.6118177301889	693.4004968553782	45030.0	580.598084584158	793.9506390038878	65.24417175694427	15.15773187543141	9.63047768912494	1001.2373269498249	999.9999964367598	144858.0	986.2132927011698	1024.1742302385157	16.322329857305103	0.15565627531925458	0.48115367542160714	0.5207249901230483	0.9011109341403202
sub-hc024_T1w	0.27494762968006886	4.076057036874938	0.7377371961559813	40.26250126408114	4.6814731553153415	4.69337	4.87108	4.479969465946023	0.280124983471018	0.4055880386376935	0.3142869778912885	0.22246219217777252	0.022695228457450867	0.0	0.003979389455462199	28.105582147913438	17.955909693118834	29.40524043445585	256	256	256	1.5800680392769897	10.268140886217541	28.25798231582739	72.92573802198764	236.2422100184666	1213.3472418981237	1051.3066747543096	1704.3305723463388	1.0	1.0	1.0000001192092896	1642.1320727661835	0.0	0.015962738979236394	0.0	97519.0	0.0	0.0	0.38444160594196464	1.3059070927734968	75.84706327946672	152.16445228840095	138.6296572908759	43867.0	39.43232839927077	333.0278933178633	87.73551120750358	0.45373226929509203	68.17633003664731	710.9905933877285	712.0061749592423	39625.0	596.2235748954117	822.7309926189481	69.34041892171474	3.4368148454919485	11.040120742001774	1002.7429350050404	1000.1208638213575	154240.0	986.8961650878191	1028.649464379996	13.714192668458297	0.15898277903543528	0.45622185485082123	0.49886118001497787	0.7786582840793586
sub-hc025_T1w	0.2935687145493672	3.852647847870146	0.715510896580231	31.88127145104862	4.8436465865167255	4.82442	5.1263203055525	4.580199453997676	0.2687707056840746	0.3910061434070832	0.34022315090884225	0.18892373144626617	0.01884313821792602	0.0	0.006149702641035077	32.91559684818052	20.913096331718368	32.58535772672979	256	256	256	1.9194177667797714	10.266707935244387	34.09815773128011	90.10834749181618	-1.0	-1.0	-1.0	-1.0	1.0	0.9999999403953552	1.0000001192092896	0.0	0.0	0.0	0.0	0.0	0.0	0.0	0.0	-0.5943130368046408	127.93438784322446	231.77448748210932	219.0373085932806	30688.0	59.91679643569515	423.19445697674524	114.11467767845261	0.21490813796911423	71.30527841589912	725.6844553333846	724.6966662537307	33775.0	611.9601164983585	842.0997105034068	70.58600891786746	2.7315675696895383	9.509333166117017	1000.2074997662395	999.9801265709102	175306.0	983.7168968226761	1017.5142314154655	11.09749875902103	0.16259472790695587	0.47849314725323766	0.5302266950675448	0.874149423691154
sub-hc026_T1w	0.28508339857257536	4.172432868930756	0.6789860094980229	218.63451999875895	4.760106490831396	4.6618	5.19348	4.425039472494189	0.2601353211385564	0.4065733682513182	0.3332913106101254	0.17082451283931732	0.019413429498672474	0.0	0.011295832357315887	30.50156936023177	18.74788478024417	30.005777762616187	256	256	256	1.9643444120960194	11.773403209606036	30.3548849958672	77.32690736589954	-1.0	-1.0	-1.0	-1.0	1.0	1.0	1.0000001192092896	0.0	0.0	0.0	0.0	0.0	0.0	0.0	0.0	-0.7471801732907299	136.90580943565442	237.23154115969783	226.73113626241684	46247.0	74.87912335246801	426.39440838992596	115.42206323218845	0.7493307720558593	62.6604896856034	732.1999912519286	734.4586483687162	37306.0	629.6246378924698	829.2609284967184	62.38203105086479	-0.1262275409697473	13.120940128241775	1001.667706055271	1000.2806155309081	175752.0	982.1922023370862	1024.6071569025517	12.93570121817398	0.15377279355979181	0.4703749979993962	0.5040521560104413	0.8364348500983702
sub-hc027_T1w	0.336547764632007	3.4125101974760663	0.7422756455217556	10.311618572722638	4.7999870293645595	4.762920283892172	5.13962	4.497420804201508	0.2842090119728988	0.381204944089734	0.3345860439373672	0.19948029518127441	0.014723117649555223	0.0	0.00330040129445504	28.75115464781302	18.912198383024375	28.718714603203523	256	256	256	1.7134176107554535	9.218442343039817	28.07111547970285	73.28148648531328	-1.0	-1.0	-1.0	-1.0	0.9999999403953552	1.0	0.9999998211860657	-3.0	0.0	0.0	0.0	2326.0	0.0	0.0	0.0	-0.617098766479212	132.4465319647765	202.43623118521924	194.85974307172	24947.0	37.931217439472675	395.20049423444976	113.72349410614578	0.11089674713121989	79.6754787943045	729.7502883130866	727.1250613266602	29494.0	605.9221426490694	862.8295387607068	78.8758781043378	0.9968198711066494	12.257765968354539	1001.5037552159718	1000.290580233559	137038.0	981.4042150042951	1025.727740675211	13.649926857640178	0.13611219448074882	0.41481657027274405	0.44574807678335204	0.7769753175075401
sub-hc028_T1w	0.28084745916579407	3.9304027068363183	0.7742715956200751	698.7300564302094	3.4164600000000003	3.48565	3.52732	3.23641	0.21169515924619792	0.44783594151788997	0.3404688992359121	0.20155466347932816	0.021406670659780497	0.0	0.0075166514551241	39.07026478245918	19.63802305242858	30.643006163537233	256	256	256	1.5437611689709254	9.6568871024664	22.32449011733944	55.77282208058101	-1.0	-1.0	-1.0	-1.0	1.0	1.0	1.0	0.0	0.0	0.0	0.0	0.0	0.0	0.0	0.0	-0.43567503367032856	148.70121498269623	239.63381018637233	210.5175561066717	20993.0	56.78524877279998	480.42357344664623	136.363413126392	0.19239042007853735	70.9461787260266	704.5138145890637	704.6520163882524	39090.0	583.1398172092624	825.6752209048718	72.96792389238175	6.452191302267526	11.994878551391867	999.7986635645678	999.976238027215	150841.0	972.2308474518359	1024.0333476942033	17.929394390462708	0.149537289626924	0.4815798686550098	0.523826484410181	0.8162315165413169
sub-hc029_T1w	0.286887088950026	3.664259851803132	0.7817865702343985	38.22351096881716	3.4033466666666663	3.46007	3.54831	3.20166	0.21986930685582545	0.4202266446204416	0.3599040485237329	0.23896773159503937	0.019358412176370632	0.0	0.005662169744380313	33.49162707516665	17.908723130638375	25.58777736077389	256	256	256	1.9929311091443636	7.689428857490569	13.950234866664891	32.16834463335974	-1.0	-1.0	-1.0	-1.0	1.0	1.0	1.0	0.0	0.0	0.0	0.0	0.0	0.0	0.0	0.0	5.867567684227941	137.59033409018198	277.66811097756784	273.84406085312366	4085.0	72.25992047898471	499.8915367297827	137.3908708135057	0.29846970170830955	80.63190005393649	664.9750722204277	663.7994161155075	26536.0	520.829659676645	812.4826655336656	86.32460495750867	3.641401603228055	15.819709518930955	995.6087922214281	1000.0000096168369	191893.0	929.4957585036755	1037.2070831023157	31.086380582904706	0.14550072427405508	0.44779184322388393	0.5032459629393978	0.717390517553384
sub-hc030_T1w	0.2991572683288256	3.797672083194073	0.6976818975353817	9401.73548513796	3.501943333333333	3.65112	3.5818	3.27291	0.2235059970367076	0.4499004174785535	0.3265935854847389	0.19321303069591522	0.021472476422786713	0.003947733855289434	0.007292483418130242	40.06453476525512	20.415725804968535	32.16057432211444	256	256	256	1.9285621325548672	10.90073066342751	20.200863244721795	47.77329693818301	6.607135361263737	24.160044009607695	21.36511620720906	33.32816925075574	1.0	1.0	1.0	61.65303903671709	0.0	4.782480454284268	0.0	32944.0	0.0	29.246211782470272	19.657137939404098	1.8404859854340279	79.86377919745162	223.63064448717012	198.24477953091264	41851.0	102.06037689372897	436.91525319591165	102.79285676674142	-0.05963403007272694	66.70270697015623	727.9485310749321	724.9136480875313	52076.0	621.9895281968638	840.4912876486778	66.50074295801147	3.136044072673803	15.59138386017665	998.8518851805093	1000.0000308789313	145952.0	960.0169262221083	1029.1781519725919	20.932124621482565	0.13764896617734096	0.482839715959745	0.5182100583122203	0.7514678691011678
sub-hc031_T1w	0.25144163930496244	4.250973783280345	0.7777342559108622	2722.0102439005564	3.2690433333333337	3.42174	3.34926	3.03613	0.21129741889136525	0.4650778069733667	0.3236247741352681	0.22995176911354065	0.02179351747035979	0.00046580359150631245	0.0037604186800280167	33.19639242293482	16.05287257720486	26.028301342747373	256	256	256	1.8444192942248236	10.349206902310264	17.457820631241656	40.17983569718989	-1.0	-1.0	-1.0	-1.0	1.0	1.0	1.0	-3.0	0.0	0.0	0.0	9756.0	0.0	0.0	0.0	3.51756705349389	83.2364419807656	203.21363284234647	185.13161659240723	35492.0	83.16700395904482	404.6198525270444	100.37251783171655	0.26090459885601724	63.36548374061719	698.4467109049693	695.4006348252296	46299.0	590.4420968297869	814.1717270273715	67.192890378988	3.8805069453262986	13.223479404415318	997.3897839009447	999.9999977499247	169316.0	943.7373423948884	1029.5535605028272	24.888032201618042	0.14293690080099775	0.451823903904361	0.4804621640846829	0.8049831179415532
sub-hc032_T1w	0.23545779564405583	4.359438791521676	0.8027910095581967	302.06360910176915	3.46151	3.4941	3.69056	3.19987	0.22604412749282737	0.4414044879437529	0.3325513845634197	0.26398125290870667	0.027147433161735568	0.0	0.004734195428191984	33.22921618511839	17.56787776652408	26.840995771394958	256	256	256	1.2736321951543013	10.524426209435324	14.366973825561159	31.30286307209385	-1.0	-1.0	-1.0	-1.0	1.0	1.0	1.0	0.0	0.0	0.0	0.0	1.0	0.0	0.0	0.0	2.463522608490396	85.6916845354337	164.71057989076698	140.36696703359485	24759.0	37.15596186183393	395.0279064996166	110.2077451194222	0.5440729459103721	59.53768351003994	684.2631074923108	684.2042016275227	37710.0	578.0105479874649	792.5408547855914	65.0102073055584	2.7362088890327314	14.814193910370008	993.9768959862005	999.9800170641392	175555.0	929.4375387467444	1034.7825685665011	31.94523027186566	0.15311625997488823	0.4612283885134834	0.4973461955291481	0.8980494707241496
sub-hc033_T1w	0.2916886910642583	3.750560993426985	0.7405210730411353	-1.0	3.2946833333333334	3.40739	3.38973	3.08693	0.21413188298755215	0.4319397497296811	0.3539283672827668	0.18286344408988953	0.018719613552093506	0.001760383339907379	0.03668356957423449	32.079457722001784	16.56841079297242	24.002043969786044	256	256	256	2.1334950142920097	10.28345707012252	16.9766024956005	38.51285540238697	320.840135118147	910.1591507515075	831.735577490734	1264.2074466025476	1.0	1.0	1.0	497.12729278143735	0.0	0.029515259016943806	0.0	51551.0	0.0	0.0	0.5182190487779431	0.5661947101836331	103.40920097960921	282.3004660773843	253.78756184317172	30196.0	127.44507133308798	509.3719220645726	118.95193462880884	0.2507560338223409	66.58329553707567	719.9248826707628	719.9444410949945	23868.0	605.5486179837957	838.3493705876172	70.0084956095472	2.770680069706424	15.105735154808254	997.4883493760581	999.999970138073	198313.0	942.6861855052412	1031.7502142079175	25.96528973040273	0.15546071485143062	0.4621141366609253	0.5099441457488945	0.9064024621441257
sub-hc034_T1w	0.2817481580757572	3.908578542974763	0.7396788381623146	-1.0	3.48145	3.56902	3.51395	3.36138	0.23792801043489228	0.4313233170314004	0.3307486725337073	0.20725707709789276	0.02248121947050094	0.0	0.07445016185861547	38.27461831842494	21.177936608485275	32.367934556367686	256	256	256	1.8182763220102813	10.09524780282967	18.854748799330444	44.65072227315138	124.58124907483376	469.6818874330114	418.25900811570847	660.5138878392803	1.0	1.0	1.0	67.04246862719243	0.0	0.11770607000734243	0.0	1152.0	0.0	0.0	0.9918586022574603	1.51189498165878	82.19259341963739	214.6940587772306	188.61260582506657	35627.0	90.26753744706512	425.09495138674964	103.730085728721	0.139820486435847	67.76322701930104	713.0308471440093	711.0855394005775	32902.0	599.6765944216401	833.0082101374865	70.43658036853209	3.5662773332984132	13.6378821674065	999.672385304144	999.9999718591571	145242.0	953.165075942874	1029.8543947711587	22.39597655790289	0.1437112852539333	0.4598263612200229	0.4894858753075572	0.898281013685492
sub-hc035_T1w	0.28779776261396584	3.968939778861501	0.7656818625125298	2739.940864197531	3.800736666666667	3.76812	3.84166	3.79243	0.2421808454520881	0.41446599736561507	0.3433531571822968	0.21188099682331085	0.025615463405847555	0.0	0.004894695044530505	30.986499530370025	17.762383065162773	25.39852619091075	256	256	256	1.525569562605994	10.054770641104696	14.96924101901856	33.327382853344986	10.7481314562441	42.67547179971846	38.212407970837546	61.21362065655009	1.0	1.0	1.0	1087.7315855844752	0.0	1.1727203877985413	0.0	62789.0	0.0	0.0	10.702461108890233	-0.06402154561802575	111.15485020867803	202.81245329175928	175.58398358523846	52092.0	54.22903563827276	420.5443585608153	115.09294794228487	-0.0772107378648883	71.03159685183225	696.1558819221631	697.1564657986164	40349.0	581.3953438773751	807.2616080716252	69.33503026068465	2.7533776878336473	16.126092258253806	998.4036990155755	999.9999914690852	200977.0	936.3443230837584	1041.0990743525326	30.00528148338466	0.15469853036374343	0.4685183220929579	0.5211863925968395	0.7401004331659448
sub-hc036_T1w	0.2813148185689892	4.044241098542356	0.7420585914710218	-1.0	3.56653	3.67125	3.69494	3.3334	0.21907853319463508	0.45316231584875966	0.3277591509566053	0.20815350115299225	0.02054308503866195	0.0	0.015769438009988763	34.009854805592674	17.222319474382573	27.594999198960135	256	256	256	1.8097363449953374	10.57018254156503	20.575689030977827	49.34714820637311	36.24278849471198	129.6787587919054	115.82218094723835	181.54499555509767	1.0	1.0	1.0	65.34032752886887	0.0	0.5924151574933596	0.0	4951.0	0.0	0.0	3.6086724098748966	0.8455690840552559	90.04739551198396	227.96158337641364	199.63529869168997	44918.0	96.27419532090425	451.0547588355839	110.31058585524126	0.18307329007504425	65.22368497848582	714.5899228365496	714.3064543493092	51099.0	601.4132524318993	827.1188406486064	67.57683342454644	3.5109661506295584	15.146150115117056	1001.0786092134263	1000.0000253543258	167977.0	970.6121510960162	1033.0929848738015	20.264535745202096	0.1342017025046008	0.46137140736433224	0.4887662724685443	0.8547441506225757
